"filename", "language", "JSON", "Shell Script", "Ignore", "Docker", "toml", "Python", "HTML", "pip requirements", "YAML", "CSV", "SQLite", "Markdown", "comment", "blank", "total"
"/Users/suresh/Library/Mobile Documents/com~apple~CloudDocs/IO Technology/wellhealth/ggt-pfe-api/.dockerignore", "Ignore", 0, 0, 11, 0, 0, 0, 0, 0, 0, 0, 0, 0, 0, 0, 11
"/Users/suresh/Library/Mobile Documents/com~apple~CloudDocs/IO Technology/wellhealth/ggt-pfe-api/.unotes/unotes_meta.json", "JSON", 40, 0, 0, 0, 0, 0, 0, 0, 0, 0, 0, 0, 0, 0, 40
"/Users/suresh/Library/Mobile Documents/com~apple~CloudDocs/IO Technology/wellhealth/ggt-pfe-api/Dockerfile", "Docker", 0, 0, 0, 3, 0, 0, 0, 0, 0, 0, 0, 0, 0, 1, 4
"/Users/suresh/Library/Mobile Documents/com~apple~CloudDocs/IO Technology/wellhealth/ggt-pfe-api/Pipfile", "toml", 0, 0, 0, 0, 36, 0, 0, 0, 0, 0, 0, 0, 0, 4, 40
"/Users/suresh/Library/Mobile Documents/com~apple~CloudDocs/IO Technology/wellhealth/ggt-pfe-api/Pipfile.lock", "JSON", 930, 0, 0, 0, 0, 0, 0, 0, 0, 0, 0, 0, 0, 1, 931
"/Users/suresh/Library/Mobile Documents/com~apple~CloudDocs/IO Technology/wellhealth/ggt-pfe-api/app/__init__.py", "Python", 0, 0, 0, 0, 0, 1, 0, 0, 0, 0, 0, 0, 0, 1, 2
"/Users/suresh/Library/Mobile Documents/com~apple~CloudDocs/IO Technology/wellhealth/ggt-pfe-api/app/ggt/__init__.py", "Python", 0, 0, 0, 0, 0, 1, 0, 0, 0, 0, 0, 0, 0, 1, 2
"/Users/suresh/Library/Mobile Documents/com~apple~CloudDocs/IO Technology/wellhealth/ggt-pfe-api/app/ggt/configs/__init__.py", "Python", 0, 0, 0, 0, 0, 1, 0, 0, 0, 0, 0, 0, 0, 1, 2
"/Users/suresh/Library/Mobile Documents/com~apple~CloudDocs/IO Technology/wellhealth/ggt-pfe-api/app/ggt/configs/backup/config-dev-backup.yml", "YAML", 0, 0, 0, 0, 0, 0, 0, 0, 51, 0, 0, 0, 0, 12, 63
"/Users/suresh/Library/Mobile Documents/com~apple~CloudDocs/IO Technology/wellhealth/ggt-pfe-api/app/ggt/configs/backup/config-qa-backup.yml", "YAML", 0, 0, 0, 0, 0, 0, 0, 0, 51, 0, 0, 0, 0, 13, 64
"/Users/suresh/Library/Mobile Documents/com~apple~CloudDocs/IO Technology/wellhealth/ggt-pfe-api/app/ggt/configs/backup/copy-content-config.yml", "YAML", 0, 0, 0, 0, 0, 0, 0, 0, 0, 0, 0, 0, 0, 1, 1
"/Users/suresh/Library/Mobile Documents/com~apple~CloudDocs/IO Technology/wellhealth/ggt-pfe-api/app/ggt/configs/config-dev copy.yml", "YAML", 0, 0, 0, 0, 0, 0, 0, 0, 70, 0, 0, 0, 0, 13, 83
"/Users/suresh/Library/Mobile Documents/com~apple~CloudDocs/IO Technology/wellhealth/ggt-pfe-api/app/ggt/configs/config-dev.yml", "YAML", 0, 0, 0, 0, 0, 0, 0, 0, 70, 0, 0, 0, 0, 14, 84
"/Users/suresh/Library/Mobile Documents/com~apple~CloudDocs/IO Technology/wellhealth/ggt-pfe-api/app/ggt/configs/config-prod.yml", "YAML", 0, 0, 0, 0, 0, 0, 0, 0, 70, 0, 0, 0, 0, 14, 84
"/Users/suresh/Library/Mobile Documents/com~apple~CloudDocs/IO Technology/wellhealth/ggt-pfe-api/app/ggt/configs/config-qa copy.yml", "YAML", 0, 0, 0, 0, 0, 0, 0, 0, 70, 0, 0, 0, 0, 13, 83
"/Users/suresh/Library/Mobile Documents/com~apple~CloudDocs/IO Technology/wellhealth/ggt-pfe-api/app/ggt/configs/config-qa.yml", "YAML", 0, 0, 0, 0, 0, 0, 0, 0, 70, 0, 0, 0, 0, 14, 84
"/Users/suresh/Library/Mobile Documents/com~apple~CloudDocs/IO Technology/wellhealth/ggt-pfe-api/app/ggt/configs/config.yml", "YAML", 0, 0, 0, 0, 0, 0, 0, 0, 70, 0, 0, 0, 0, 14, 84
"/Users/suresh/Library/Mobile Documents/com~apple~CloudDocs/IO Technology/wellhealth/ggt-pfe-api/app/ggt/configs/config_loader.py", "Python", 0, 0, 0, 0, 0, 22, 0, 0, 0, 0, 0, 0, 2, 8, 32
"/Users/suresh/Library/Mobile Documents/com~apple~CloudDocs/IO Technology/wellhealth/ggt-pfe-api/app/ggt/configs/gcp-service-account-dev.json", "JSON", 12, 0, 0, 0, 0, 0, 0, 0, 0, 0, 0, 0, 0, 1, 13
"/Users/suresh/Library/Mobile Documents/com~apple~CloudDocs/IO Technology/wellhealth/ggt-pfe-api/app/ggt/configs/gcp-service-account-prod.json", "JSON", 12, 0, 0, 0, 0, 0, 0, 0, 0, 0, 0, 0, 0, 1, 13
"/Users/suresh/Library/Mobile Documents/com~apple~CloudDocs/IO Technology/wellhealth/ggt-pfe-api/app/ggt/configs/gcp-service-account-qa.json", "JSON", 12, 0, 0, 0, 0, 0, 0, 0, 0, 0, 0, 0, 0, 1, 13
"/Users/suresh/Library/Mobile Documents/com~apple~CloudDocs/IO Technology/wellhealth/ggt-pfe-api/app/ggt/configs/log-config.yml", "YAML", 0, 0, 0, 0, 0, 0, 0, 0, 28, 0, 0, 0, 0, 4, 32
"/Users/suresh/Library/Mobile Documents/com~apple~CloudDocs/IO Technology/wellhealth/ggt-pfe-api/app/ggt/lib/__init__.py", "Python", 0, 0, 0, 0, 0, 1, 0, 0, 0, 0, 0, 0, 0, 1, 2
"/Users/suresh/Library/Mobile Documents/com~apple~CloudDocs/IO Technology/wellhealth/ggt-pfe-api/app/ggt/lib/adapters/google_adapter.py", "Python", 0, 0, 0, 0, 0, 228, 0, 0, 0, 0, 0, 0, 5, 60, 293
"/Users/suresh/Library/Mobile Documents/com~apple~CloudDocs/IO Technology/wellhealth/ggt-pfe-api/app/ggt/lib/adapters/google_maps.py", "Python", 0, 0, 0, 0, 0, 25, 0, 0, 0, 0, 0, 0, 0, 2, 27
"/Users/suresh/Library/Mobile Documents/com~apple~CloudDocs/IO Technology/wellhealth/ggt-pfe-api/app/ggt/lib/adapters/mysql_adapter.py", "Python", 0, 0, 0, 0, 0, 179, 0, 0, 0, 0, 0, 0, 12, 42, 233
"/Users/suresh/Library/Mobile Documents/com~apple~CloudDocs/IO Technology/wellhealth/ggt-pfe-api/app/ggt/lib/adapters/pinpoint_adapter.py", "Python", 0, 0, 0, 0, 0, 49, 0, 0, 0, 0, 0, 0, 21, 13, 83
"/Users/suresh/Library/Mobile Documents/com~apple~CloudDocs/IO Technology/wellhealth/ggt-pfe-api/app/ggt/lib/adapters/sendgrid_adapter.py", "Python", 0, 0, 0, 0, 0, 49, 0, 0, 0, 0, 0, 0, 2, 11, 62
"/Users/suresh/Library/Mobile Documents/com~apple~CloudDocs/IO Technology/wellhealth/ggt-pfe-api/app/ggt/lib/adapters/sns_adapter.py", "Python", 0, 0, 0, 0, 0, 52, 0, 0, 0, 0, 0, 0, 0, 10, 62
"/Users/suresh/Library/Mobile Documents/com~apple~CloudDocs/IO Technology/wellhealth/ggt-pfe-api/app/ggt/lib/adapters/sqs_adapter.py", "Python", 0, 0, 0, 0, 0, 56, 0, 0, 0, 0, 0, 0, 0, 10, 66
"/Users/suresh/Library/Mobile Documents/com~apple~CloudDocs/IO Technology/wellhealth/ggt-pfe-api/app/ggt/lib/adapters/twilio_adapter.py", "Python", 0, 0, 0, 0, 0, 39, 0, 0, 0, 0, 0, 0, 0, 9, 48
"/Users/suresh/Library/Mobile Documents/com~apple~CloudDocs/IO Technology/wellhealth/ggt-pfe-api/app/ggt/lib/auth.py", "Python", 0, 0, 0, 0, 0, 33, 0, 0, 0, 0, 0, 0, 0, 8, 41
"/Users/suresh/Library/Mobile Documents/com~apple~CloudDocs/IO Technology/wellhealth/ggt-pfe-api/app/ggt/lib/constants.py", "Python", 0, 0, 0, 0, 0, 9, 0, 0, 0, 0, 0, 0, 0, 1, 10
"/Users/suresh/Library/Mobile Documents/com~apple~CloudDocs/IO Technology/wellhealth/ggt-pfe-api/app/ggt/lib/email.py", "Python", 0, 0, 0, 0, 0, 13, 0, 0, 0, 0, 0, 0, 0, 8, 21
"/Users/suresh/Library/Mobile Documents/com~apple~CloudDocs/IO Technology/wellhealth/ggt-pfe-api/app/ggt/lib/maps.py", "Python", 0, 0, 0, 0, 0, 5, 0, 0, 0, 0, 0, 0, 0, 2, 7
"/Users/suresh/Library/Mobile Documents/com~apple~CloudDocs/IO Technology/wellhealth/ggt-pfe-api/app/ggt/lib/printer_label.py", "Python", 0, 0, 0, 0, 0, 48, 0, 0, 0, 0, 0, 0, 3, 14, 65
"/Users/suresh/Library/Mobile Documents/com~apple~CloudDocs/IO Technology/wellhealth/ggt-pfe-api/app/ggt/lib/sms.py", "Python", 0, 0, 0, 0, 0, 4, 0, 0, 0, 0, 0, 0, 1, 5, 10
"/Users/suresh/Library/Mobile Documents/com~apple~CloudDocs/IO Technology/wellhealth/ggt-pfe-api/app/ggt/lib/storage.py", "Python", 0, 0, 0, 0, 0, 32, 0, 0, 0, 0, 0, 0, 2, 23, 57
"/Users/suresh/Library/Mobile Documents/com~apple~CloudDocs/IO Technology/wellhealth/ggt-pfe-api/app/ggt/lib/sys_log.py", "Python", 0, 0, 0, 0, 0, 29, 0, 0, 0, 0, 0, 0, 6, 10, 45
"/Users/suresh/Library/Mobile Documents/com~apple~CloudDocs/IO Technology/wellhealth/ggt-pfe-api/app/ggt/lib/utils.py", "Python", 0, 0, 0, 0, 0, 120, 0, 0, 0, 0, 0, 0, 7, 39, 166
"/Users/suresh/Library/Mobile Documents/com~apple~CloudDocs/IO Technology/wellhealth/ggt-pfe-api/app/ggt/models/__init__.py", "Python", 0, 0, 0, 0, 0, 1, 0, 0, 0, 0, 0, 0, 0, 1, 2
"/Users/suresh/Library/Mobile Documents/com~apple~CloudDocs/IO Technology/wellhealth/ggt-pfe-api/app/ggt/models/data_models/appointments.py", "Python", 0, 0, 0, 0, 0, 212, 0, 0, 0, 0, 0, 0, 126, 50, 388
"/Users/suresh/Library/Mobile Documents/com~apple~CloudDocs/IO Technology/wellhealth/ggt-pfe-api/app/ggt/models/data_models/contact_center.py", "Python", 0, 0, 0, 0, 0, 84, 0, 0, 0, 0, 0, 0, 11, 11, 106
"/Users/suresh/Library/Mobile Documents/com~apple~CloudDocs/IO Technology/wellhealth/ggt-pfe-api/app/ggt/models/data_models/data_types.py", "Python", 0, 0, 0, 0, 0, 385, 0, 0, 0, 0, 0, 0, 1, 114, 500
"/Users/suresh/Library/Mobile Documents/com~apple~CloudDocs/IO Technology/wellhealth/ggt-pfe-api/app/ggt/models/data_models/generic_search_result.py", "Python", 0, 0, 0, 0, 0, 158, 0, 0, 0, 0, 0, 0, 113, 42, 313
"/Users/suresh/Library/Mobile Documents/com~apple~CloudDocs/IO Technology/wellhealth/ggt-pfe-api/app/ggt/models/data_models/locations.py", "Python", 0, 0, 0, 0, 0, 146, 0, 0, 0, 0, 0, 0, 79, 26, 251
"/Users/suresh/Library/Mobile Documents/com~apple~CloudDocs/IO Technology/wellhealth/ggt-pfe-api/app/ggt/models/data_models/patients.py", "Python", 0, 0, 0, 0, 0, 107, 0, 0, 0, 0, 0, 0, 55, 20, 182
"/Users/suresh/Library/Mobile Documents/com~apple~CloudDocs/IO Technology/wellhealth/ggt-pfe-api/app/ggt/models/data_models/printers.py", "Python", 0, 0, 0, 0, 0, 81, 0, 0, 0, 0, 0, 0, 41, 22, 144
"/Users/suresh/Library/Mobile Documents/com~apple~CloudDocs/IO Technology/wellhealth/ggt-pfe-api/app/ggt/models/data_models/providers.py", "Python", 0, 0, 0, 0, 0, 19, 0, 0, 0, 0, 0, 0, 6, 5, 30
"/Users/suresh/Library/Mobile Documents/com~apple~CloudDocs/IO Technology/wellhealth/ggt-pfe-api/app/ggt/models/data_models/questionnaires.py", "Python", 0, 0, 0, 0, 0, 94, 0, 0, 0, 0, 0, 0, 55, 17, 166
"/Users/suresh/Library/Mobile Documents/com~apple~CloudDocs/IO Technology/wellhealth/ggt-pfe-api/app/ggt/models/data_models/schedules.py", "Python", 0, 0, 0, 0, 0, 395, 0, 0, 0, 0, 0, 0, 436, 79, 910
"/Users/suresh/Library/Mobile Documents/com~apple~CloudDocs/IO Technology/wellhealth/ggt-pfe-api/app/ggt/models/data_models/service_catalog.py", "Python", 0, 0, 0, 0, 0, 27, 0, 0, 0, 0, 0, 0, 6, 9, 42
"/Users/suresh/Library/Mobile Documents/com~apple~CloudDocs/IO Technology/wellhealth/ggt-pfe-api/app/ggt/models/data_models/signups.py", "Python", 0, 0, 0, 0, 0, 106, 0, 0, 0, 0, 0, 0, 6, 22, 134
"/Users/suresh/Library/Mobile Documents/com~apple~CloudDocs/IO Technology/wellhealth/ggt-pfe-api/app/ggt/models/data_models/tasks_local_cache.py", "Python", 0, 0, 0, 0, 0, 360, 0, 0, 0, 0, 0, 0, 0, 53, 413
"/Users/suresh/Library/Mobile Documents/com~apple~CloudDocs/IO Technology/wellhealth/ggt-pfe-api/app/ggt/models/data_models/test_results.py", "Python", 0, 0, 0, 0, 0, 101, 0, 0, 0, 0, 0, 0, 89, 20, 210
"/Users/suresh/Library/Mobile Documents/com~apple~CloudDocs/IO Technology/wellhealth/ggt-pfe-api/app/ggt/models/data_models/test_sample.py", "Python", 0, 0, 0, 0, 0, 45, 0, 0, 0, 0, 0, 0, 39, 12, 96
"/Users/suresh/Library/Mobile Documents/com~apple~CloudDocs/IO Technology/wellhealth/ggt-pfe-api/app/ggt/models/data_models/users.py", "Python", 0, 0, 0, 0, 0, 32, 0, 0, 0, 0, 0, 0, 13, 8, 53
"/Users/suresh/Library/Mobile Documents/com~apple~CloudDocs/IO Technology/wellhealth/ggt-pfe-api/app/ggt/models/data_models/wellpay.py", "Python", 0, 0, 0, 0, 0, 27, 0, 0, 0, 0, 0, 0, 0, 7, 34
"/Users/suresh/Library/Mobile Documents/com~apple~CloudDocs/IO Technology/wellhealth/ggt-pfe-api/app/ggt/models/process_models/bp_appointments.py", "Python", 0, 0, 0, 0, 0, 198, 0, 0, 0, 0, 0, 0, 10, 47, 255
"/Users/suresh/Library/Mobile Documents/com~apple~CloudDocs/IO Technology/wellhealth/ggt-pfe-api/app/ggt/models/process_models/bp_contact_center.py", "Python", 0, 0, 0, 0, 0, 35, 0, 0, 0, 0, 0, 0, 0, 4, 39
"/Users/suresh/Library/Mobile Documents/com~apple~CloudDocs/IO Technology/wellhealth/ggt-pfe-api/app/ggt/models/process_models/bp_patient_experience.py", "Python", 0, 0, 0, 0, 0, 524, 0, 0, 0, 0, 0, 0, 26, 125, 675
"/Users/suresh/Library/Mobile Documents/com~apple~CloudDocs/IO Technology/wellhealth/ggt-pfe-api/app/ggt/models/process_models/bp_portal_experience.py", "Python", 0, 0, 0, 0, 0, 72, 0, 0, 0, 0, 0, 0, 4, 24, 100
"/Users/suresh/Library/Mobile Documents/com~apple~CloudDocs/IO Technology/wellhealth/ggt-pfe-api/app/ggt/models/process_models/bp_printers.py", "Python", 0, 0, 0, 0, 0, 44, 0, 0, 0, 0, 0, 0, 0, 10, 54
"/Users/suresh/Library/Mobile Documents/com~apple~CloudDocs/IO Technology/wellhealth/ggt-pfe-api/app/ggt/models/process_models/bp_schedules.py", "Python", 0, 0, 0, 0, 0, 406, 0, 0, 0, 0, 0, 0, 10, 88, 504
"/Users/suresh/Library/Mobile Documents/com~apple~CloudDocs/IO Technology/wellhealth/ggt-pfe-api/app/ggt/models/workflow_models/admin_flow.py", "Python", 0, 0, 0, 0, 0, 25, 0, 0, 0, 0, 0, 0, 6, 9, 40
"/Users/suresh/Library/Mobile Documents/com~apple~CloudDocs/IO Technology/wellhealth/ggt-pfe-api/app/ggt/models/workflow_models/clinical_provider_flow.py", "Python", 0, 0, 0, 0, 0, 0, 0, 0, 0, 0, 0, 0, 0, 1, 1
"/Users/suresh/Library/Mobile Documents/com~apple~CloudDocs/IO Technology/wellhealth/ggt-pfe-api/app/ggt/models/workflow_models/contact_center_flow.py", "Python", 0, 0, 0, 0, 0, 52, 0, 0, 0, 0, 0, 0, 6, 10, 68
"/Users/suresh/Library/Mobile Documents/com~apple~CloudDocs/IO Technology/wellhealth/ggt-pfe-api/app/ggt/models/workflow_models/patient_test_scheduling_flow.py", "Python", 0, 0, 0, 0, 0, 173, 0, 0, 0, 0, 0, 0, 3, 44, 220
"/Users/suresh/Library/Mobile Documents/com~apple~CloudDocs/IO Technology/wellhealth/ggt-pfe-api/app/ggt/models/workflow_models/portal_general_flow.py", "Python", 0, 0, 0, 0, 0, 29, 0, 0, 0, 0, 0, 0, 9, 10, 48
"/Users/suresh/Library/Mobile Documents/com~apple~CloudDocs/IO Technology/wellhealth/ggt-pfe-api/app/ggt/models/workflow_models/printer_flow.py", "Python", 0, 0, 0, 0, 0, 31, 0, 0, 0, 0, 0, 0, 6, 9, 46
"/Users/suresh/Library/Mobile Documents/com~apple~CloudDocs/IO Technology/wellhealth/ggt-pfe-api/app/ggt/models/workflow_models/provider_field_testing_flow.py", "Python", 0, 0, 0, 0, 0, 65, 0, 0, 0, 0, 0, 0, 9, 18, 92
"/Users/suresh/Library/Mobile Documents/com~apple~CloudDocs/IO Technology/wellhealth/ggt-pfe-api/app/ggt/models/workflow_models/test_site_admin_flow.py", "Python", 0, 0, 0, 0, 0, 73, 0, 0, 0, 0, 0, 0, 6, 23, 102
"/Users/suresh/Library/Mobile Documents/com~apple~CloudDocs/IO Technology/wellhealth/ggt-pfe-api/app/ggt/routers/__init__.py", "Python", 0, 0, 0, 0, 0, 1, 0, 0, 0, 0, 0, 0, 0, 1, 2
"/Users/suresh/Library/Mobile Documents/com~apple~CloudDocs/IO Technology/wellhealth/ggt-pfe-api/app/ggt/routers/rt_contact_center.py", "Python", 0, 0, 0, 0, 0, 149, 0, 0, 0, 0, 0, 0, 0, 24, 173
"/Users/suresh/Library/Mobile Documents/com~apple~CloudDocs/IO Technology/wellhealth/ggt-pfe-api/app/ggt/routers/rt_patient.py", "Python", 0, 0, 0, 0, 0, 75, 0, 0, 0, 0, 0, 0, 0, 30, 105
"/Users/suresh/Library/Mobile Documents/com~apple~CloudDocs/IO Technology/wellhealth/ggt-pfe-api/app/ggt/routers/rt_portal.py", "Python", 0, 0, 0, 0, 0, 206, 0, 0, 0, 0, 0, 0, 0, 51, 257
"/Users/suresh/Library/Mobile Documents/com~apple~CloudDocs/IO Technology/wellhealth/ggt-pfe-api/app/ggt/routers/rt_printer_hub.py", "Python", 0, 0, 0, 0, 0, 19, 0, 0, 0, 0, 0, 0, 0, 9, 28
"/Users/suresh/Library/Mobile Documents/com~apple~CloudDocs/IO Technology/wellhealth/ggt-pfe-api/app/ggt/routers/rt_provider.py", "Python", 0, 0, 0, 0, 0, 45, 0, 0, 0, 0, 0, 0, 0, 15, 60
"/Users/suresh/Library/Mobile Documents/com~apple~CloudDocs/IO Technology/wellhealth/ggt-pfe-api/app/ggt/routers/rt_redirect.py", "Python", 0, 0, 0, 0, 0, 13, 0, 0, 0, 0, 0, 0, 0, 5, 18
"/Users/suresh/Library/Mobile Documents/com~apple~CloudDocs/IO Technology/wellhealth/ggt-pfe-api/app/ggt/routers/rt_task.py", "Python", 0, 0, 0, 0, 0, 90, 0, 0, 0, 0, 0, 0, 1, 30, 121
"/Users/suresh/Library/Mobile Documents/com~apple~CloudDocs/IO Technology/wellhealth/ggt-pfe-api/app/ggt/tasks/call_queue_processor.py", "Python", 0, 0, 0, 0, 0, 2, 0, 0, 0, 0, 0, 0, 0, 0, 2
"/Users/suresh/Library/Mobile Documents/com~apple~CloudDocs/IO Technology/wellhealth/ggt-pfe-api/app/ggt/tasks/email_queue_processor.py", "Python", 0, 0, 0, 0, 0, 89, 0, 0, 0, 0, 0, 0, 22, 25, 136
"/Users/suresh/Library/Mobile Documents/com~apple~CloudDocs/IO Technology/wellhealth/ggt-pfe-api/app/ggt/tasks/inbound_lab_reports.py", "Python", 0, 0, 0, 0, 0, 469, 0, 0, 0, 0, 0, 0, 44, 122, 635
"/Users/suresh/Library/Mobile Documents/com~apple~CloudDocs/IO Technology/wellhealth/ggt-pfe-api/app/ggt/tasks/locations_processor.py", "Python", 0, 0, 0, 0, 0, 49, 0, 0, 0, 0, 0, 0, 15, 12, 76
"/Users/suresh/Library/Mobile Documents/com~apple~CloudDocs/IO Technology/wellhealth/ggt-pfe-api/app/ggt/tasks/outbound_lab_orders.py", "Python", 0, 0, 0, 0, 0, 227, 0, 0, 0, 0, 0, 0, 94, 53, 374
"/Users/suresh/Library/Mobile Documents/com~apple~CloudDocs/IO Technology/wellhealth/ggt-pfe-api/app/ggt/tasks/report_notifications.py", "Python", 0, 0, 0, 0, 0, 171, 0, 0, 0, 0, 0, 0, 111, 62, 344
"/Users/suresh/Library/Mobile Documents/com~apple~CloudDocs/IO Technology/wellhealth/ggt-pfe-api/app/ggt/tasks/sms_queue_processor.py", "Python", 0, 0, 0, 0, 0, 57, 0, 0, 0, 0, 0, 0, 21, 15, 93
"/Users/suresh/Library/Mobile Documents/com~apple~CloudDocs/IO Technology/wellhealth/ggt-pfe-api/app/ggt/templates/email/GGT-1-APPOINTMENT-CONFIRMATION-EMAIL.html", "HTML", 0, 0, 0, 0, 0, 0, 164, 0, 0, 0, 0, 0, 5, 6, 175
"/Users/suresh/Library/Mobile Documents/com~apple~CloudDocs/IO Technology/wellhealth/ggt-pfe-api/app/ggt/templates/email/GGT-2-APPOINTMENT-REMINDER.html", "HTML", 0, 0, 0, 0, 0, 0, 0, 0, 0, 0, 0, 0, 0, 1, 1
"/Users/suresh/Library/Mobile Documents/com~apple~CloudDocs/IO Technology/wellhealth/ggt-pfe-api/app/ggt/templates/email/GGT-3-POST-TEST-NEXTSTEPS-EMAIL.html", "HTML", 0, 0, 0, 0, 0, 0, 370, 0, 0, 0, 0, 0, 27, 14, 411
"/Users/suresh/Library/Mobile Documents/com~apple~CloudDocs/IO Technology/wellhealth/ggt-pfe-api/app/ggt/templates/email/GGT-4-APPOINTMENT-RESCHEDULE-EMAIL.html", "HTML", 0, 0, 0, 0, 0, 0, 0, 0, 0, 0, 0, 0, 0, 1, 1
"/Users/suresh/Library/Mobile Documents/com~apple~CloudDocs/IO Technology/wellhealth/ggt-pfe-api/app/ggt/templates/email/GGT-5-RESULT-AVAILABLE-EMAIL.html", "HTML", 0, 0, 0, 0, 0, 0, 85, 0, 0, 0, 0, 0, 2, 7, 94
"/Users/suresh/Library/Mobile Documents/com~apple~CloudDocs/IO Technology/wellhealth/ggt-pfe-api/app/ggt/templates/email/GGT-6-PHONE-UNREACHABLE-EMAIL.html", "HTML", 0, 0, 0, 0, 0, 0, 0, 0, 0, 0, 0, 0, 0, 1, 1
"/Users/suresh/Library/Mobile Documents/com~apple~CloudDocs/IO Technology/wellhealth/ggt-pfe-api/app/ggt/templates/email/email-layout-1.html", "HTML", 0, 0, 0, 0, 0, 0, 378, 0, 0, 0, 0, 0, 27, 32, 437
"/Users/suresh/Library/Mobile Documents/com~apple~CloudDocs/IO Technology/wellhealth/ggt-pfe-api/app/main.py", "Python", 0, 0, 0, 0, 0, 88, 0, 0, 0, 0, 0, 0, 9, 24, 121
"/Users/suresh/Library/Mobile Documents/com~apple~CloudDocs/IO Technology/wellhealth/ggt-pfe-api/app/requirements.txt", "pip requirements", 0, 0, 0, 0, 0, 0, 0, 67, 0, 0, 0, 0, 0, 1, 68
"/Users/suresh/Library/Mobile Documents/com~apple~CloudDocs/IO Technology/wellhealth/ggt-pfe-api/app/run.sh", "Shell Script", 0, 1, 0, 0, 0, 0, 0, 0, 0, 0, 0, 0, 0, 1, 2
"/Users/suresh/Library/Mobile Documents/com~apple~CloudDocs/IO Technology/wellhealth/ggt-pfe-api/docs/db_init.sql", "SQLite", 0, 0, 0, 0, 0, 0, 0, 0, 0, 0, 485, 0, 244, 143, 872
"/Users/suresh/Library/Mobile Documents/com~apple~CloudDocs/IO Technology/wellhealth/ggt-pfe-api/docs/move_files.py", "Python", 0, 0, 0, 0, 0, 5, 0, 0, 0, 0, 0, 0, 0, 3, 8
"/Users/suresh/Library/Mobile Documents/com~apple~CloudDocs/IO Technology/wellhealth/ggt-pfe-api/docs/notes.md", "Markdown", 0, 0, 0, 0, 0, 0, 0, 0, 0, 0, 0, 28, 0, 19, 47
"/Users/suresh/Library/Mobile Documents/com~apple~CloudDocs/IO Technology/wellhealth/ggt-pfe-api/docs/sample-data-4.json", "JSON", 70, 0, 0, 0, 0, 0, 0, 0, 0, 0, 0, 0, 0, 3, 73
"/Users/suresh/Library/Mobile Documents/com~apple~CloudDocs/IO Technology/wellhealth/ggt-pfe-api/gcp_deploy.sh", "Shell Script", 0, 13, 0, 0, 0, 0, 0, 0, 0, 0, 0, 0, 7, 9, 29
"/Users/suresh/Library/Mobile Documents/com~apple~CloudDocs/IO Technology/wellhealth/ggt-pfe-api/inbound-resulting.sh", "Shell Script", 0, 14, 0, 0, 0, 0, 0, 0, 0, 0, 0, 0, 1, 5, 20
"/Users/suresh/Library/Mobile Documents/com~apple~CloudDocs/IO Technology/wellhealth/ggt-pfe-api/sftp_download.sh", "Shell Script", 0, 8, 0, 0, 0, 0, 0, 0, 0, 0, 0, 0, 0, 1, 9
"/Users/suresh/Library/Mobile Documents/com~apple~CloudDocs/IO Technology/wellhealth/ggt-pfe-api/tasks/test-result-email/email/GGT-1-APPOINTMENT-CONFIRMATION-EMAIL.html", "HTML", 0, 0, 0, 0, 0, 0, 142, 0, 0, 0, 0, 0, 5, 7, 154
"/Users/suresh/Library/Mobile Documents/com~apple~CloudDocs/IO Technology/wellhealth/ggt-pfe-api/tasks/test-result-email/email/GGT-2-APPOINTMENT-REMINDER.html", "HTML", 0, 0, 0, 0, 0, 0, 0, 0, 0, 0, 0, 0, 0, 1, 1
"/Users/suresh/Library/Mobile Documents/com~apple~CloudDocs/IO Technology/wellhealth/ggt-pfe-api/tasks/test-result-email/email/GGT-3-POST-TEST-NEXTSTEPS-EMAIL.html", "HTML", 0, 0, 0, 0, 0, 0, 370, 0, 0, 0, 0, 0, 27, 14, 411
"/Users/suresh/Library/Mobile Documents/com~apple~CloudDocs/IO Technology/wellhealth/ggt-pfe-api/tasks/test-result-email/email/GGT-4-APPOINTMENT-RESCHEDULE-EMAIL.html", "HTML", 0, 0, 0, 0, 0, 0, 0, 0, 0, 0, 0, 0, 0, 1, 1
"/Users/suresh/Library/Mobile Documents/com~apple~CloudDocs/IO Technology/wellhealth/ggt-pfe-api/tasks/test-result-email/email/GGT-5-RESULT-AVAILABLE-EMAIL.html", "HTML", 0, 0, 0, 0, 0, 0, 0, 0, 0, 0, 0, 0, 0, 1, 1
"/Users/suresh/Library/Mobile Documents/com~apple~CloudDocs/IO Technology/wellhealth/ggt-pfe-api/tasks/test-result-email/email/GGT-6-PHONE-UNREACHABLE-EMAIL.html", "HTML", 0, 0, 0, 0, 0, 0, 0, 0, 0, 0, 0, 0, 0, 1, 1
"/Users/suresh/Library/Mobile Documents/com~apple~CloudDocs/IO Technology/wellhealth/ggt-pfe-api/tasks/test-result-email/email/email-layout-1.html", "HTML", 0, 0, 0, 0, 0, 0, 321, 0, 0, 0, 0, 0, 27, 17, 365
"/Users/suresh/Library/Mobile Documents/com~apple~CloudDocs/IO Technology/wellhealth/ggt-pfe-api/tasks/test-result-email/main.py", "Python", 0, 0, 0, 0, 0, 52, 0, 0, 0, 0, 0, 0, 3, 22, 77
"/Users/suresh/Library/Mobile Documents/com~apple~CloudDocs/IO Technology/wellhealth/ggt-pfe-api/tasks/test-result-email/postcards_GGT-POST-TEST-RESULT_373172/index.html", "HTML", 0, 0, 0, 0, 0, 0, 359, 0, 0, 0, 0, 0, 27, 14, 400
"/Users/suresh/Library/Mobile Documents/com~apple~CloudDocs/IO Technology/wellhealth/ggt-pfe-api/tasks/test-result-sms/main.py", "Python", 0, 0, 0, 0, 0, 78, 0, 0, 0, 0, 0, 0, 0, 37, 115
"/Users/suresh/Library/Mobile Documents/com~apple~CloudDocs/IO Technology/wellhealth/ggt-pfe-api/tasks/test-result-sms/processed/07.10.2020.csv", "CSV", 0, 0, 0, 0, 0, 0, 0, 0, 0, 245, 0, 0, 0, 1, 246
"/Users/suresh/Library/Mobile Documents/com~apple~CloudDocs/IO Technology/wellhealth/ggt-pfe-api/tasks/test-result-sms/processed/result-lowes.csv", "CSV", 0, 0, 0, 0, 0, 0, 0, 0, 0, 54, 0, 0, 0, 1, 55
"/Users/suresh/Library/Mobile Documents/com~apple~CloudDocs/IO Technology/wellhealth/ggt-pfe-api/tasks/test-result-sms/processed/result.07.10.2020.csv", "CSV", 0, 0, 0, 0, 0, 0, 0, 0, 0, 208, 0, 0, 0, 0, 208
"/Users/suresh/Library/Mobile Documents/com~apple~CloudDocs/IO Technology/wellhealth/ggt-pfe-api/tasks/test-result-sms/processed/result.07.11.2020.csv", "CSV", 0, 0, 0, 0, 0, 0, 0, 0, 0, 62, 0, 0, 0, 1, 63
"/Users/suresh/Library/Mobile Documents/com~apple~CloudDocs/IO Technology/wellhealth/ggt-pfe-api/tasks/test-result-sms/processed/result.07.15.2020.csv", "CSV", 0, 0, 0, 0, 0, 0, 0, 0, 0, 100, 0, 0, 0, 1, 101
"/Users/suresh/Library/Mobile Documents/com~apple~CloudDocs/IO Technology/wellhealth/ggt-pfe-api/tasks/test-result-sms/result-test.csv", "CSV", 0, 0, 0, 0, 0, 0, 0, 0, 0, 3, 0, 0, 0, 1, 4
"/Users/suresh/Library/Mobile Documents/com~apple~CloudDocs/IO Technology/wellhealth/ggt-pfe-api/test1.py", "Python", 0, 0, 0, 0, 0, 46, 0, 0, 0, 0, 0, 0, 5, 27, 78
"Total", "-", 1076, 36, 11, 3, 36, 7034, 2189, 67, 550, 672, 485, 28, 1956, 2212, 16355