"filename", "language", "Shell Script", "Python", "pip requirements", "YAML", "comment", "blank", "total"
"/Users/suresh/Library/Mobile Documents/com~apple~CloudDocs/IO Technology/wellhealth/ggt-pfe-api/app/__init__.py", "Python", 0, 1, 0, 0, 0, 1, 2
"/Users/suresh/Library/Mobile Documents/com~apple~CloudDocs/IO Technology/wellhealth/ggt-pfe-api/app/ggt/__init__.py", "Python", 0, 1, 0, 0, 0, 1, 2
"/Users/suresh/Library/Mobile Documents/com~apple~CloudDocs/IO Technology/wellhealth/ggt-pfe-api/app/ggt/configs/__init__.py", "Python", 0, 1, 0, 0, 0, 1, 2
"/Users/suresh/Library/Mobile Documents/com~apple~CloudDocs/IO Technology/wellhealth/ggt-pfe-api/app/ggt/configs/config-dev.yml", "YAML", 0, 0, 0, 33, 0, 9, 42
"/Users/suresh/Library/Mobile Documents/com~apple~CloudDocs/IO Technology/wellhealth/ggt-pfe-api/app/ggt/configs/config-prod.yml", "YAML", 0, 0, 0, 34, 0, 9, 43
"/Users/suresh/Library/Mobile Documents/com~apple~CloudDocs/IO Technology/wellhealth/ggt-pfe-api/app/ggt/configs/config-qa.yml", "YAML", 0, 0, 0, 33, 0, 9, 42
"/Users/suresh/Library/Mobile Documents/com~apple~CloudDocs/IO Technology/wellhealth/ggt-pfe-api/app/ggt/configs/config.yml", "YAML", 0, 0, 0, 36, 0, 9, 45
"/Users/suresh/Library/Mobile Documents/com~apple~CloudDocs/IO Technology/wellhealth/ggt-pfe-api/app/ggt/configs/config_loader.py", "Python", 0, 17, 0, 0, 2, 8, 27
"/Users/suresh/Library/Mobile Documents/com~apple~CloudDocs/IO Technology/wellhealth/ggt-pfe-api/app/ggt/configs/copy-content-config.yml", "YAML", 0, 0, 0, 0, 0, 1, 1
"/Users/suresh/Library/Mobile Documents/com~apple~CloudDocs/IO Technology/wellhealth/ggt-pfe-api/app/ggt/configs/log-config.yml", "YAML", 0, 0, 0, 28, 0, 4, 32
"/Users/suresh/Library/Mobile Documents/com~apple~CloudDocs/IO Technology/wellhealth/ggt-pfe-api/app/ggt/lib/__init__.py", "Python", 0, 1, 0, 0, 0, 1, 2
"/Users/suresh/Library/Mobile Documents/com~apple~CloudDocs/IO Technology/wellhealth/ggt-pfe-api/app/ggt/lib/adapters/mysql_adapter.py", "Python", 0, 108, 0, 0, 3, 37, 148
"/Users/suresh/Library/Mobile Documents/com~apple~CloudDocs/IO Technology/wellhealth/ggt-pfe-api/app/ggt/lib/adapters/pinpoint_adapter.py", "Python", 0, 44, 0, 0, 21, 13, 78
"/Users/suresh/Library/Mobile Documents/com~apple~CloudDocs/IO Technology/wellhealth/ggt-pfe-api/app/ggt/lib/adapters/sendgrid_adapter.py", "Python", 0, 42, 0, 0, 0, 11, 53
"/Users/suresh/Library/Mobile Documents/com~apple~CloudDocs/IO Technology/wellhealth/ggt-pfe-api/app/ggt/lib/adapters/sns_adapter.py", "Python", 0, 28, 0, 0, 0, 10, 38
"/Users/suresh/Library/Mobile Documents/com~apple~CloudDocs/IO Technology/wellhealth/ggt-pfe-api/app/ggt/lib/adapters/sqs_adapter.py", "Python", 0, 33, 0, 0, 0, 10, 43
"/Users/suresh/Library/Mobile Documents/com~apple~CloudDocs/IO Technology/wellhealth/ggt-pfe-api/app/ggt/lib/adapters/twilio_adapter.py", "Python", 0, 24, 0, 0, 0, 11, 35
"/Users/suresh/Library/Mobile Documents/com~apple~CloudDocs/IO Technology/wellhealth/ggt-pfe-api/app/ggt/lib/sms.py", "Python", 0, 3, 0, 0, 0, 3, 6
"/Users/suresh/Library/Mobile Documents/com~apple~CloudDocs/IO Technology/wellhealth/ggt-pfe-api/app/ggt/lib/sys_log.py", "Python", 0, 12, 0, 0, 6, 9, 27
"/Users/suresh/Library/Mobile Documents/com~apple~CloudDocs/IO Technology/wellhealth/ggt-pfe-api/app/ggt/lib/utils.py", "Python", 0, 94, 0, 0, 6, 29, 129
"/Users/suresh/Library/Mobile Documents/com~apple~CloudDocs/IO Technology/wellhealth/ggt-pfe-api/app/ggt/models/__init__.py", "Python", 0, 1, 0, 0, 0, 1, 2
"/Users/suresh/Library/Mobile Documents/com~apple~CloudDocs/IO Technology/wellhealth/ggt-pfe-api/app/ggt/models/data_models/appointments.py", "Python", 0, 65, 0, 0, 58, 18, 141
"/Users/suresh/Library/Mobile Documents/com~apple~CloudDocs/IO Technology/wellhealth/ggt-pfe-api/app/ggt/models/data_models/data_types.py", "Python", 0, 96, 0, 0, 0, 42, 138
"/Users/suresh/Library/Mobile Documents/com~apple~CloudDocs/IO Technology/wellhealth/ggt-pfe-api/app/ggt/models/data_models/locations.py", "Python", 0, 18, 0, 0, 6, 7, 31
"/Users/suresh/Library/Mobile Documents/com~apple~CloudDocs/IO Technology/wellhealth/ggt-pfe-api/app/ggt/models/data_models/patients.py", "Python", 0, 51, 0, 0, 6, 16, 73
"/Users/suresh/Library/Mobile Documents/com~apple~CloudDocs/IO Technology/wellhealth/ggt-pfe-api/app/ggt/models/data_models/providers.py", "Python", 0, 10, 0, 0, 6, 6, 22
"/Users/suresh/Library/Mobile Documents/com~apple~CloudDocs/IO Technology/wellhealth/ggt-pfe-api/app/ggt/models/data_models/questionnaires.py", "Python", 0, 38, 0, 0, 15, 13, 66
"/Users/suresh/Library/Mobile Documents/com~apple~CloudDocs/IO Technology/wellhealth/ggt-pfe-api/app/ggt/models/data_models/schedules.py", "Python", 0, 92, 0, 0, 57, 40, 189
"/Users/suresh/Library/Mobile Documents/com~apple~CloudDocs/IO Technology/wellhealth/ggt-pfe-api/app/ggt/models/data_models/signups.py", "Python", 0, 51, 0, 0, 6, 25, 82
"/Users/suresh/Library/Mobile Documents/com~apple~CloudDocs/IO Technology/wellhealth/ggt-pfe-api/app/ggt/models/data_models/test_results.py", "Python", 0, 82, 0, 0, 80, 19, 181
"/Users/suresh/Library/Mobile Documents/com~apple~CloudDocs/IO Technology/wellhealth/ggt-pfe-api/app/ggt/models/process_models/bp_appointments.py", "Python", 0, 164, 0, 0, 19, 36, 219
"/Users/suresh/Library/Mobile Documents/com~apple~CloudDocs/IO Technology/wellhealth/ggt-pfe-api/app/ggt/models/process_models/bp_contact_center_experience.py", "Python", 0, 15, 0, 0, 3, 6, 24
"/Users/suresh/Library/Mobile Documents/com~apple~CloudDocs/IO Technology/wellhealth/ggt-pfe-api/app/ggt/models/process_models/bp_patient_experience.py", "Python", 0, 337, 0, 0, 23, 88, 448
"/Users/suresh/Library/Mobile Documents/com~apple~CloudDocs/IO Technology/wellhealth/ggt-pfe-api/app/ggt/models/process_models/bp_schedules.py", "Python", 0, 102, 0, 0, 7, 30, 139
"/Users/suresh/Library/Mobile Documents/com~apple~CloudDocs/IO Technology/wellhealth/ggt-pfe-api/app/ggt/models/workflow_models/admin_flows.py", "Python", 0, 0, 0, 0, 0, 1, 1
"/Users/suresh/Library/Mobile Documents/com~apple~CloudDocs/IO Technology/wellhealth/ggt-pfe-api/app/ggt/models/workflow_models/clinical_provider_flow.py", "Python", 0, 0, 0, 0, 0, 1, 1
"/Users/suresh/Library/Mobile Documents/com~apple~CloudDocs/IO Technology/wellhealth/ggt-pfe-api/app/ggt/models/workflow_models/contact_center_flows.py", "Python", 0, 33, 0, 0, 8, 10, 51
"/Users/suresh/Library/Mobile Documents/com~apple~CloudDocs/IO Technology/wellhealth/ggt-pfe-api/app/ggt/models/workflow_models/patient_test_scheduling_flow.py", "Python", 0, 168, 0, 0, 5, 36, 209
"/Users/suresh/Library/Mobile Documents/com~apple~CloudDocs/IO Technology/wellhealth/ggt-pfe-api/app/ggt/models/workflow_models/provider_field_testing_flow.py", "Python", 0, 47, 0, 0, 9, 16, 72
"/Users/suresh/Library/Mobile Documents/com~apple~CloudDocs/IO Technology/wellhealth/ggt-pfe-api/app/ggt/models/workflow_models/test_site_admin_flow.py", "Python", 0, 0, 0, 0, 0, 1, 1
"/Users/suresh/Library/Mobile Documents/com~apple~CloudDocs/IO Technology/wellhealth/ggt-pfe-api/app/ggt/routers/__init__.py", "Python", 0, 1, 0, 0, 0, 1, 2
"/Users/suresh/Library/Mobile Documents/com~apple~CloudDocs/IO Technology/wellhealth/ggt-pfe-api/app/ggt/routers/rt_contact_center.py", "Python", 0, 28, 0, 0, 0, 10, 38
"/Users/suresh/Library/Mobile Documents/com~apple~CloudDocs/IO Technology/wellhealth/ggt-pfe-api/app/ggt/routers/rt_patient.py", "Python", 0, 51, 0, 0, 4, 26, 81
"/Users/suresh/Library/Mobile Documents/com~apple~CloudDocs/IO Technology/wellhealth/ggt-pfe-api/app/ggt/routers/rt_provider.py", "Python", 0, 42, 0, 0, 0, 12, 54
"/Users/suresh/Library/Mobile Documents/com~apple~CloudDocs/IO Technology/wellhealth/ggt-pfe-api/app/ggt/routers/rt_redirect.py", "Python", 0, 6, 0, 0, 0, 4, 10
"/Users/suresh/Library/Mobile Documents/com~apple~CloudDocs/IO Technology/wellhealth/ggt-pfe-api/app/ggt/routers/rt_task.py", "Python", 0, 36, 0, 0, 1, 14, 51
"/Users/suresh/Library/Mobile Documents/com~apple~CloudDocs/IO Technology/wellhealth/ggt-pfe-api/app/ggt/tasks/call_queue_processor.py", "Python", 0, 2, 0, 0, 0, 0, 2
"/Users/suresh/Library/Mobile Documents/com~apple~CloudDocs/IO Technology/wellhealth/ggt-pfe-api/app/ggt/tasks/email_queue_processor.py", "Python", 0, 2, 0, 0, 0, 0, 2
"/Users/suresh/Library/Mobile Documents/com~apple~CloudDocs/IO Technology/wellhealth/ggt-pfe-api/app/ggt/tasks/inbound_lab_reports.py", "Python", 0, 156, 0, 0, 23, 53, 232
"/Users/suresh/Library/Mobile Documents/com~apple~CloudDocs/IO Technology/wellhealth/ggt-pfe-api/app/ggt/tasks/outbound_lab_orders.py", "Python", 0, 2, 0, 0, 0, 0, 2
"/Users/suresh/Library/Mobile Documents/com~apple~CloudDocs/IO Technology/wellhealth/ggt-pfe-api/app/ggt/tasks/report_notifications.py", "Python", 0, 74, 0, 0, 72, 26, 172
"/Users/suresh/Library/Mobile Documents/com~apple~CloudDocs/IO Technology/wellhealth/ggt-pfe-api/app/ggt/tasks/sms_queue_processor.py", "Python", 0, 24, 0, 0, 8, 6, 38
"/Users/suresh/Library/Mobile Documents/com~apple~CloudDocs/IO Technology/wellhealth/ggt-pfe-api/app/main.py", "Python", 0, 61, 0, 0, 5, 21, 87
"/Users/suresh/Library/Mobile Documents/com~apple~CloudDocs/IO Technology/wellhealth/ggt-pfe-api/app/requirements.txt", "pip requirements", 0, 0, 57, 0, 0, 1, 58
"/Users/suresh/Library/Mobile Documents/com~apple~CloudDocs/IO Technology/wellhealth/ggt-pfe-api/app/run.sh", "Shell Script", 1, 0, 0, 0, 0, 1, 2
"Total", "-", 1, 2264, 57, 164, 459, 773, 3718